{"loss": [1.4017242193222046, 0.4515284597873688, 0.26530176401138306, 0.18723808228969574, 0.1423477828502655, 0.11047369241714478, 0.09185092151165009, 0.07603377103805542, 0.06872722506523132, 0.059133466333150864], "accuracy": [0.5898854732513428, 0.8561633229255676, 0.9154420495033264, 0.9397254586219788, 0.9537093639373779, 0.9632548689842224, 0.9700120687484741, 0.9754178524017334, 0.9779500961303711, 0.9811935424804688], "val_loss": [0.5437877774238586, 0.3389365077018738, 0.24808314442634583, 0.1500515341758728, 0.20869313180446625, 0.1742653101682663, 0.15327520668506622, 0.13120874762535095, 0.1223541870713234, 0.13434283435344696], "val_accuracy": [0.8234122395515442, 0.8928408622741699, 0.9195879697799683, 0.9506032466888428, 0.934156596660614, 0.9459367394447327, 0.9525381326675415, 0.959822416305542, 0.9626109600067139, 0.9580582976341248]}